first_name,last_name,email,password,facebook,mobile,apartment_number,building,street,city_id,profile_pix
Lou,Amaya,louamaya@me.com,12345678,,1234567889,room1,bldg 2,street 3,1,
Ronilo,Nemenzo,Ronilo.Nemenzo@gmail.com,12345678,https://www.facebook.com/groups/2449149581986354/user/100063381261140,1234567889,,,,1,
Jomar,Torres Rillo,Jomar.Torres Rillo@gmail.com,12345678,https://www.facebook.com/jomarjr.torresrillo,1234567889,,,,27,
Bangon,Buhay,Bangon.Buhay@gmail.com,12345678,https://www.facebook.com/groups/2449149581986354/user/100049843295721/,1234567889,,,,1,
Jannaleeclair,Quisalino,Jannaleeclair.Quisalino@gmail.com,12345678,https://www.facebook.com/groups/2449149581986354/user/100036530375281/,1234567889,,,,1,
Jaime,Ortega,Jaime.Ortega@gmail.com,12345678,https://www.facebook.com/groups/2449149581986354/user/100045264036780/,1234567889,,,,28,
Regan,Yap,Regan.Yap@gmail.com,12345678,https://www.facebook.com/groups/2449149581986354/user/100002410090640/,1234567889,,,,1,